shape,m,status,pairs,time_ratio,time_min,time_max,instructions_net_ratio,instructions_net_min,instructions_net_max,build_ratio,build_min,build_max,heap_ratio,heap_min,heap_max
static,10,compared,16,0.9941586572743057,0.9740844172198061,1.0032905292880459,0.9999999952461784,0.9999999862379028,1.0000000094049126,0.7939446859976919,0.6709287870715681,1.0689924906132666,1.0000144575526255,0.9738805970149254,1.052
static,100,compared,16,0.9975251906655942,0.9794488352680434,1.0835491684374245,1.0000000046447177,0.9999999858293296,1.0000000280502102,0.7669741864425794,0.6724870763928776,0.8354237380429456,0.9425526558500226,0.875,1.0064027939464493
static,1000,compared,16,0.9980207860169101,0.9253901895304282,1.0126806538870776,1.0,0.9999999815339989,1.0000000046206667,0.39340353214310464,0.3782471872996791,0.42063554531533975,0.8975689864595808,0.8465197495183044,0.9986492250817575
static,10000,compared,16,0.9977619281425418,0.8845786188168202,1.01347657814137,1.0,0.9999999532209841,1.0000000140059848,0.5563353480766577,0.528394568708925,0.5734163709217541,0.9428608443780245,0.8966327701158348,1.0014884106279263
static,100000,compared,16,0.9978167140777674,0.9412611414614598,1.0319340234388152,0.9999999953447473,0.9999999813203299,1.0000000279668027,0.6897847794424647,0.6567653348718154,0.7053682794056432,0.974049579913767,0.882651553300977,0.9954629129573817
param-last,10,compared,16,0.9974615812649101,0.8531326979084528,1.020630644658007,1.0,0.9999999363616653,1.0000000083889282,0.7943374920776334,0.626337726709474,0.8668108776266996,0.8509881800946267,0.8301486199575372,0.8794520547945206
param-last,100,compared,16,0.9993373738495996,0.9794642078931275,1.0105631570568105,1.0,0.9999999915973306,1.0000000147176693,0.7889774586070013,0.6033305969274071,0.8559759704534659,0.8509797694173515,0.8370259106271123,0.9173686321700762
param-last,1000,compared,16,0.9936639913824539,0.9323084779695068,1.013391029554162,0.9999999989696673,0.9999999733562898,1.0000000123491002,0.3661475307240076,0.3366415541562137,0.5792146466104531,0.8611652253277482,0.7176198165808476,0.9872119469596189
param-last,10000,compared,16,1.002915243435789,0.9756436603148855,1.1355841576790868,1.0000000061775598,0.9999999691633097,1.0000000679872092,0.6252024551434974,0.5934793523538894,0.6449321849840994,0.8333363216966059,0.8190790375494613,0.8390856971652743
param-last,100000,compared,16,1.0053899144110545,0.9611683907817921,1.0716905684610232,1.0,0.9999999732657044,1.0000000636939326,0.7511327299436368,0.69882371187719,0.7753685829601397,0.8817952896092326,0.8754219797359353,0.9026771642536894
param-first,10,compared,16,1.0004389535996743,0.9773979089577881,1.0972706438619617,1.0,0.9999999807911607,1.0000000193732448,0.7923294527455087,0.6002081646813924,1.0672344240251008,0.7697228144989339,0.741424802110818,0.7859154929577464
param-first,100,compared,16,1.0007196422980988,0.9863503943531355,1.010524578138279,1.0,0.9999999872736703,1.000000012396372,0.7789715164709582,0.7122045969569439,0.8379248713444887,0.6990753616924924,0.686819376642884,0.7569193742478941
param-first,1000,compared,16,1.0003981943673035,0.9515017939583194,1.0820458223823421,1.0,0.999999987610377,1.0000000246989948,0.40423487968514954,0.32523862642959056,0.564631403305778,0.7100636549683055,0.5957466256360258,0.8155602282967859
param-first,10000,compared,16,1.0009042833720576,0.9762318021513934,1.045627051002959,1.0,0.9999999751774963,1.0000000186005804,0.5564892097230152,0.5312941254368453,0.6014111649823416,0.8901721515519477,0.8711403572203341,0.897898251354543
param-first,100000,compared,16,0.9922927663251402,0.9614789378797959,1.0358798302886643,1.0,0.9999999772693079,1.0000000165529999,0.7442031206442337,0.719267536670695,0.7824923806567771,0.9114975564884229,0.9032593911180197,0.9383948895284183
rest,10,compared,16,0.9997370422248906,0.9662731712801412,1.0223735950501796,1.0,0.9999999880622795,1.000000007235172,0.8343540792143108,0.7806925498426023,0.9079305894163201,0.722121169334186,0.6962524654832347,0.7445378151260504
rest,100,compared,16,0.9985544323267936,0.9915131414324481,1.012214318333711,0.9999999974603057,0.9999999845923886,1.0000000051260134,0.806898635825495,0.7531889240549686,0.8692088067345618,0.6450035282495179,0.6377089613592765,0.6843901052032982
rest,1000,compared,16,0.9981418440176291,0.9425620639979834,1.0930432038092013,1.0000000008407417,0.9999999848685894,1.0000000319295024,0.453901165773692,0.35628860796814904,0.4842740543538784,0.6613404255695406,0.5774022870797064,0.734497539291951
rest,10000,compared,16,0.9970952060390312,0.9653147068532403,1.0972306395075682,1.0,0.9999999747996242,1.0000000487547434,0.6157632947776579,0.4957025025986798,0.6695550831923964,0.8337330304138657,0.819468940287005,0.8394851741001625
rest,100000,compared,16,1.0046312777706898,0.9859804928463521,1.0356420660796288,1.0,0.9999999798517151,1.0000000268385478,0.7594935374786225,0.7416541161291728,0.7856872890851613,0.8818438411462047,0.8754701790945073,0.902726864325405
wild,10,compared,16,1.0072674767314636,0.9725416193415244,1.2137185875448329,1.0,0.999999986881063,1.000000067892945,0.8026970581373859,0.7457578782261515,0.9038645800063877,0.8509881800946267,0.8301486199575372,0.8794520547945206
wild,100,compared,16,0.9997331628235642,0.970489635834433,1.1209526904567908,1.0000000053904237,0.9999999848385465,1.0000000362670327,0.7992139644101658,0.6695781168075502,0.8723716605752909,0.8509797694173515,0.8370259106271123,0.9173686321700762
wild,1000,compared,16,0.9984568256413535,0.932752600346664,1.0571887963924211,1.0000000084626721,0.9999999851637786,1.0000000275890581,0.34591776417385955,0.3330812341745691,0.5875799954278185,0.8611652253277482,0.7176198165808476,0.9872119469596189
wild,10000,compared,16,1.000159706706556,0.9447718680899008,1.0769342571485019,1.0,0.9999999555358142,1.0000000211842524,0.6285300269227281,0.5865964739391086,0.6441063645078869,0.8333363216966059,0.8190790375494613,0.8390856971652743
wild,100000,compared,16,0.9866543262609793,0.961777983302365,1.1381085074749966,1.0,0.9999999767118245,1.0000000549636994,0.7754871200693991,0.7473370522387671,0.8147716795385793,0.8817952896092326,0.8754219797359353,0.9026771642536894
mixed-disjoint,10,compared,16,0.9992125025139226,0.9827428134911188,1.063345637749916,0.9999999980360806,0.9999999880453815,1.0000000112046987,0.8254014176189788,0.65560263653484,1.1550909351281684,0.8506176626418672,0.8318318318318318,0.8717201166180758
mixed-disjoint,100,compared,16,0.9985730975931542,0.9833620590904204,1.0050927421901241,1.0,0.9999999850747945,1.000000007478029,0.8094451378850815,0.6935481909394953,0.8722039730955733,0.7577831469923133,0.7416697865967802,0.7728852838933952
mixed-disjoint,1000,compared,16,0.9936579429890686,0.9468534446760716,1.0794815081789084,1.0,0.9999999781625447,1.0000000237207078,0.3540996245016911,0.3423724379264952,0.46981477034361885,0.7759726579699171,0.7079579874906573,0.82368843069874
mixed-disjoint,10000,compared,16,0.9965177980054167,0.95117804052863,1.0129580982718813,1.0,0.9999999782761643,1.0000000217807286,0.5358416760376599,0.5161527410430773,0.5907605815292798,0.7775071292827866,0.7341652149807145,0.973439321963149
mixed-disjoint,100000,compared,16,0.9841795304584169,0.9664510626192772,1.0272538534684723,1.0,0.9999999654851569,1.000000032490818,0.6571785853939855,0.6349744473692965,0.6664065165212304,0.6481972707773509,0.631899803761093,0.7974613788224264
mixed-overlap,10,compared,16,0.9978203803389556,0.9619768791624005,1.1056284950966437,1.0,0.9999999887873519,1.0000000352284195,0.8360417335628769,0.7175215548735934,0.9819108699227101,0.8758156672184546,0.7917981072555205,0.893687707641196
mixed-overlap,100,compared,16,0.9996849371383627,0.9744128811276365,1.0362430344720261,1.0,0.9999999898245618,1.000000017137038,0.7880694859067812,0.6621655986166209,0.8612802477560233,0.7590402720846343,0.742604686899731,0.843101061375173
mixed-overlap,1000,compared,16,0.9970552585039725,0.9843705948177275,1.005973815866521,1.0,0.9999999779665285,1.0000000169210275,0.34103796944974174,0.33200915813427395,0.347053055269819,0.826303115293359,0.7190503357177338,0.8584424462323185
mixed-overlap,10000,compared,16,0.9986641997466859,0.9797134317065419,1.0181893604973073,1.0,1.0,1.0,0.5308800018773976,0.5194322000982685,0.574381941441291,0.9525253200502839,0.8853365311768093,0.9656952192273605
mixed-overlap,100000,compared,16,0.9887293050497169,0.9427805690060405,1.0972629615877292,1.0,0.9999999628205135,1.0000000440665917,0.6019974965130428,0.5762052018273808,0.6578247484819455,0.7092941635415995,0.6507821760135604,0.7945934450604379
