table_seed,ring_seed,rt_ns,ct_ns,heap_ns,rt_insn,ct_insn,heap_insn,rt_cycles,ct_cycles,heap_cycles,rt_l1d,ct_l1d,heap_l1d,rt_dtlb,ct_dtlb,heap_dtlb,heap_rt,ct_rt,heap_ct,table_layout,frozen_ct_rt
111,211,51.8748873,52.8322754,51.9895771,515.396871,515.396871,515.396865,163.607356,166.801117,164.062031,4.01340321,1.05914463,4.04180334,0.0189043736,0.0192172059,0.0188228249,1.002210892514074,1.0184557143124628,0.9840495550566425,"{""arena"": 128, ""edges"": 3648, ""literals"": null, ""nodes"": 0}",1.0041702444700902
112,212,52.1505409,52.1918335,52.0241089,514.996967,514.996963,514.996963,164.239697,164.668783,164.195231,4.05364885,1.0596103,4.07618766,0.0187798862,0.0186714962,0.0187146417,0.9975756339662433,1.0007917961978414,0.996786382298679,"{""arena"": 3200, ""edges"": 3648, ""literals"": null, ""nodes"": 0}",0.9979295924808027
113,213,51.9741399,52.3525029,52.4531453,516.924947,516.924946,516.924947,164.134542,165.1604,165.601084,4.17789908,1.06187327,4.16241981,0.0191270746,0.0191465436,0.0188977472,1.0092162256253134,1.0072798318688483,1.0019223990148522,"{""arena"": 3200, ""edges"": 3648, ""literals"": null, ""nodes"": 0}",1.0350657312655012
114,214,52.7439168,60.7200769,52.4244531,515.685201,515.685225,515.685195,165.762828,191.453762,165.458496,4.09276514,1.05011977,4.07677802,0.0192503698,0.019136869,0.0192197602,0.9939431176260312,1.1512242659233074,0.8633792277031849,"{""arena"": 3200, ""edges"": 3648, ""literals"": null, ""nodes"": 0}",1.0107801918809023
115,215,52.4227858,51.9707393,51.9270743,514.671773,514.671773,514.671773,165.54425,164.071856,163.849365,4.05442154,1.03908207,4.06643768,0.0190221908,0.0171382598,0.0188690317,0.990543968764056,0.9913769080925111,0.9991598156849772,"{""arena"": 1664, ""edges"": 3648, ""literals"": null, ""nodes"": 0}",1.0052113133001983
116,216,52.4516195,52.2150698,52.003587,514.825576,514.82558,514.825582,165.612834,164.805981,164.133982,4.12101272,1.07921792,4.1774871,0.0189795961,0.0190419299,0.0189042051,0.9914581760435444,0.9954901354380488,0.995949774637666,"{""arena"": 3712, ""edges"": 3648, ""literals"": null, ""nodes"": 0}",0.9995372816733967
117,217,52.6755371,52.0444788,52.162627,516.709615,516.709609,516.709608,166.336772,164.294365,164.710421,4.07788191,1.04190836,4.05613656,0.0189145845,0.0188491232,0.0189366834,0.9902628406232236,0.9880198981397762,1.0022701389796607,"{""arena"": 3200, ""edges"": 3648, ""literals"": null, ""nodes"": 0}",0.9959734087300952
118,218,51.4574382,51.5304565,51.0710919,514.285053,514.285049,514.285049,162.419912,162.684099,160.970555,4.0296936,1.03694153,4.05413123,0.0188262939,0.0195418138,0.0191614336,0.9924919251032595,1.0014190037933137,0.9910855709186275,"{""arena"": 640, ""edges"": 3648, ""literals"": null, ""nodes"": 0}",1.0021168002509637
119,219,52.463033,52.7836711,51.9758594,514.870254,514.870262,514.870254,165.614408,166.55543,164.0571,4.05378782,1.0437836,4.07084669,0.0192985372,0.0190659221,0.0190147987,0.9907139642498365,1.0061116958297092,0.9846958030170053,"{""arena"": 640, ""edges"": 3648, ""literals"": null, ""nodes"": 0}",1.0013486712843713
120,220,51.9153013,52.84125,52.3553162,515.52065,515.52065,515.52065,163.608103,166.745534,165.373573,4.05685451,1.03077119,4.03999467,0.018767528,0.0191197889,0.0186529779,1.0084756302859017,1.0178357570275722,0.9908038927920895,"{""arena"": 2176, ""edges"": 3648, ""literals"": null, ""nodes"": 0}",1.0211378709109662
121,221,52.7139486,53.1650977,53.2423926,518.54311,518.543111,518.543111,166.317973,167.836652,168.011826,4.17564052,1.07465971,4.18357555,0.0197796551,0.0197237662,0.0195719401,1.010024747036309,1.0085584387430995,1.0014538654746046,"{""arena"": 640, ""edges"": 3648, ""literals"": null, ""nodes"": 0}",1.004454455012286
122,222,58.0768433,52.333608,52.9482422,515.340007,515.33999,515.339985,183.269194,165.169877,167.091277,4.04186033,1.0906195,4.01080771,0.0188575455,0.0169820414,0.0189753281,0.911692839889595,0.9011097199217093,1.0117445409076324,"{""arena"": 3200, ""edges"": 3648, ""literals"": null, ""nodes"": 0}",1.0205360075591452
123,223,51.0730638,51.8175391,51.8793848,514.779188,514.779189,514.779189,161.252197,163.624363,163.770498,4.0409497,1.08354431,4.07891872,0.0188204608,0.0192747998,0.0194917719,1.015787598001904,1.0145766720186462,1.0011935283125015,"{""arena"": 3200, ""edges"": 3648, ""literals"": null, ""nodes"": 0}",1.0055502330841162
124,224,53.0439996,53.7097911,52.7792593,516.398584,516.39858,516.398578,167.473253,169.538411,166.616567,4.07401338,1.06419215,4.05879114,0.019412847,0.0195270407,0.0192320479,0.995009043398002,1.0125516836026822,0.9826748199733736,"{""arena"": 2176, ""edges"": 3648, ""literals"": null, ""nodes"": 0}",1.1595088668091018
125,225,55.3261922,52.7366175,59.1179301,515.986969,515.986959,515.986979,174.667364,166.430076,186.635909,4.12122104,1.0406828,4.13353256,0.0190815722,0.018869775,0.019013095,1.0685342285312742,0.9531944166582279,1.1210034488844491,"{""arena"": 1152, ""edges"": 3648, ""literals"": null, ""nodes"": 0}",1.008130081331997
126,226,53.3482082,53.3391113,52.7807346,515.715969,515.715963,515.715963,168.344229,168.424998,165.515402,4.06527079,1.06013786,4.04517976,0.0187051707,0.0187660647,0.018790373,0.9893628367447213,0.9998294806834768,0.9895315709918849,"{""arena"": 128, ""edges"": 3648, ""literals"": null, ""nodes"": 0}",0.9864166662890435
