shape,m,competitors,absent,failures,status,pairs,fastest,ratio,v2_ns,fastest_ns,v2_net,fastest_net
mixed-disjoint,10000,actix-router boost-url chi cpp-httplib crow drogon gin glaze httprouter matchit nethttp oatpp path-tree pistache r3 uwebsockets,,,compared,3,gin,0.4897977640666528,72.3056505,145.705838,549.8990994,838.3685885
mixed-disjoint,100000,actix-router boost-url chi cpp-httplib crow drogon gin glaze httprouter matchit nethttp oatpp path-tree pistache r3 uwebsockets,,,compared,3,gin,0.38888281787438184,77.9856262,200.537598,546.9977608,952.5079425
mixed-overlap,10000,actix-router chi cpp-httplib crow drogon glaze matchit nethttp oatpp path-tree pistache uwebsockets,"boost-url: incomparable: 372 to 444 of 4,096 answers differ; gin: incomparable: 372 to 444 of 4,096 answers differ; httprouter: refused: httprouter: wildcard route ':p0' conflicts with existing children in path '/mebocepa/jahijecah/:p0'; r3: incomparable: 3,000 to 3,177 of 4,096 answers differ",,compared,3,matchit,0.3782149065215196,77.7563477,204.983114,587.1361904,1060.4920317
mixed-overlap,100000,actix-router chi cpp-httplib crow drogon glaze matchit nethttp oatpp path-tree pistache uwebsockets,"boost-url: incomparable: 434 to 678 of 4,096 answers differ; gin: incomparable: 434 to 678 of 4,096 answers differ; httprouter: refused: httprouter: wildcard route ':p0' conflicts with existing children in path '/dijasat/bojari/:p0'; r3: incomparable: 2,719 to 3,130 of 4,096 answers differ",,compared,3,matchit,0.3038365755471955,90.0404134,287.202148,581.4943873,1147.3023314999998
param-first,10000,actix-router boost-url chi cpp-httplib crow drogon gin glaze httprouter matchit nethttp oatpp path-tree pistache r3 uwebsockets,,,compared,3,gin,0.37814985431854625,54.9055494,146.22085,484.29822870000004,909.9484499
param-first,100000,actix-router boost-url chi cpp-httplib crow drogon gin glaze httprouter matchit nethttp oatpp path-tree pistache r3 uwebsockets,,,compared,3,gin,0.3040287526094697,61.4158033,201.465262,488.37148460000003,1000.5072763999999
param-last,10000,actix-router boost-url chi cpp-httplib crow drogon gin glaze httprouter matchit nethttp oatpp path-tree pistache r3 uwebsockets,,,compared,3,gin,0.39068505193437203,56.3691211,144.481418,489.41957450000007,845.573917
param-last,100000,actix-router boost-url chi cpp-httplib crow drogon gin glaze httprouter matchit nethttp oatpp path-tree pistache r3 uwebsockets,,,compared,3,gin,0.31200718456732046,63.1507568,206.23434,490.00113170000003,948.6745107
rest,10000,actix-router boost-url chi cpp-httplib crow drogon gin glaze httprouter matchit nethttp oatpp path-tree pistache r3 uwebsockets,,,compared,3,gin,0.4102234377689912,70.3021561,171.072235,597.6373855,1056.0305767
rest,100000,actix-router boost-url chi cpp-httplib crow drogon gin glaze httprouter matchit nethttp oatpp path-tree pistache r3 uwebsockets,,,compared,3,gin,0.3263493112839959,75.195351,228.725098,599.4562311,1156.819327
static,10000,actix-router boost-url chi cpp-httplib crow drogon gin glaze httprouter matchit nethttp oatpp path-tree pistache r3 uwebsockets,,,compared,3,matchit,0.218391939181197,23.5300293,107.742206,213.56157230000002,517.0962403999999
static,100000,actix-router boost-url chi cpp-httplib crow drogon gin glaze httprouter matchit nethttp oatpp path-tree pistache r3 uwebsockets,,,compared,3,glaze,0.1740509713868661,26.1246712,149.710474,213.80449629999998,738.2723407
wild,10000,actix-router boost-url chi cpp-httplib crow drogon gin glaze httprouter matchit nethttp oatpp path-tree r3,"pistache: refused: pistache: no catch-all (its splat matches one segment); uwebsockets: incomparable: 4,096 of 4,096 answers differ",,compared,3,gin,0.36576212723588547,57.174465,156.052599,474.9334934,845.0249200000001
wild,100000,actix-router boost-url chi cpp-httplib crow drogon gin glaze httprouter matchit nethttp oatpp path-tree r3,"pistache: refused: pistache: no catch-all (its splat matches one segment); uwebsockets: incomparable: 4,096 of 4,096 answers differ",,compared,3,gin,0.30166590428840273,64.4827326,214.772013,476.27041849999995,941.936718
