arm,case,passed,failed
actix-router,static-then-param,2,0
actix-router,param-then-static,1,1
actix-router,pchar,18,0
actix-router,raw-bytes,2,0
actix-router,catch-all,4,1
actix-router,empty-segment,2,0
actix-router,trailing-slash,3,0
actix-router,method,5,0
boost-url,static-then-param,2,0
boost-url,param-then-static,2,0
boost-url,pchar,18,0
boost-url,raw-bytes,1,1
boost-url,catch-all,4,1
boost-url,empty-segment,1,1
boost-url,trailing-slash,3,0
boost-url,method,5,0
chi,static-then-param,2,0
chi,param-then-static,2,0
chi,pchar,18,0
chi,raw-bytes,2,0
chi,catch-all,4,1
chi,empty-segment,2,0
chi,trailing-slash,3,0
chi,method,5,0
cpp-httplib,static-then-param,2,0
cpp-httplib,param-then-static,1,1
cpp-httplib,pchar,18,0
cpp-httplib,raw-bytes,2,0
cpp-httplib,catch-all,5,0
cpp-httplib,empty-segment,0,2
cpp-httplib,trailing-slash,2,1
cpp-httplib,method,5,0
crow,static-then-param,2,0
crow,param-then-static,1,1
crow,pchar,18,0
crow,raw-bytes,2,0
crow,catch-all,5,0
crow,empty-segment,2,0
crow,trailing-slash,3,0
crow,method,5,0
drogon,static-then-param,2,0
drogon,param-then-static,2,0
drogon,pchar,18,0
drogon,raw-bytes,1,1
drogon,catch-all,4,1
drogon,empty-segment,1,1
drogon,trailing-slash,3,0
drogon,method,4,1
gin,static-then-param,2,0
gin,param-then-static,2,0
gin,pchar,18,0
gin,raw-bytes,2,0
gin,catch-all,4,1
gin,empty-segment,2,0
gin,trailing-slash,3,0
gin,method,5,0
glaze,static-then-param,2,0
glaze,param-then-static,2,0
glaze,pchar,15,3
glaze,raw-bytes,2,0
glaze,catch-all,4,1
glaze,empty-segment,2,0
glaze,trailing-slash,2,1
glaze,method,5,0
hash,raw-bytes,2,0
httprouter,pchar,18,0
httprouter,raw-bytes,2,0
httprouter,catch-all,4,1
httprouter,empty-segment,2,0
httprouter,trailing-slash,3,0
httprouter,method,5,0
matchit,static-then-param,2,0
matchit,param-then-static,2,0
matchit,pchar,18,0
matchit,raw-bytes,2,0
matchit,catch-all,5,0
matchit,empty-segment,2,0
matchit,trailing-slash,3,0
matchit,method,5,0
nethttp,static-then-param,2,0
nethttp,param-then-static,2,0
nethttp,pchar,16,2
nethttp,raw-bytes,1,1
nethttp,catch-all,4,1
nethttp,empty-segment,2,0
nethttp,trailing-slash,3,0
nethttp,method,5,0
oatpp,static-then-param,2,0
oatpp,param-then-static,1,1
oatpp,pchar,18,0
oatpp,raw-bytes,2,0
oatpp,catch-all,3,2
oatpp,empty-segment,2,0
oatpp,trailing-slash,1,2
oatpp,method,5,0
path-tree,static-then-param,2,0
path-tree,param-then-static,2,0
path-tree,pchar,18,0
path-tree,raw-bytes,2,0
path-tree,catch-all,5,0
path-tree,empty-segment,2,0
path-tree,trailing-slash,3,0
path-tree,method,5,0
pistache,static-then-param,2,0
pistache,param-then-static,2,0
pistache,pchar,18,0
pistache,raw-bytes,2,0
pistache,empty-segment,2,0
pistache,trailing-slash,1,2
pistache,method,5,0
r3,static-then-param,2,0
r3,param-then-static,1,1
r3,pchar,18,0
r3,raw-bytes,2,0
r3,catch-all,4,1
r3,empty-segment,2,0
r3,trailing-slash,3,0
r3,method,4,1
radix,static-then-param,2,0
radix,param-then-static,2,0
radix,pchar,18,0
radix,raw-bytes,2,0
radix,catch-all,5,0
radix,empty-segment,2,0
radix,trailing-slash,3,0
radix,method,5,0
regexmatcher-v1,static-then-param,2,0
regexmatcher-v1,param-then-static,1,1
regexmatcher-v1,pchar,5,13
regexmatcher-v1,raw-bytes,2,0
regexmatcher-v1,catch-all,5,0
regexmatcher-v1,empty-segment,2,0
regexmatcher-v1,trailing-slash,3,0
regexmatcher-v1,method,5,0
regexmatcher-v2,static-then-param,2,0
regexmatcher-v2,param-then-static,2,0
regexmatcher-v2,pchar,18,0
regexmatcher-v2,raw-bytes,2,0
regexmatcher-v2,catch-all,5,0
regexmatcher-v2,empty-segment,2,0
regexmatcher-v2,trailing-slash,3,0
regexmatcher-v2,method,5,0
regexmatcher-v2-r1,static-then-param,2,0
regexmatcher-v2-r1,param-then-static,2,0
regexmatcher-v2-r1,pchar,18,0
regexmatcher-v2-r1,raw-bytes,2,0
regexmatcher-v2-r1,catch-all,5,0
regexmatcher-v2-r1,empty-segment,2,0
regexmatcher-v2-r1,trailing-slash,3,0
regexmatcher-v2-r1,method,5,0
std-regex,static-then-param,2,0
std-regex,param-then-static,1,1
std-regex,pchar,18,0
std-regex,raw-bytes,2,0
std-regex,catch-all,5,0
std-regex,empty-segment,2,0
std-regex,trailing-slash,3,0
std-regex,method,5,0
uwebsockets,static-then-param,2,0
uwebsockets,param-then-static,2,0
uwebsockets,pchar,18,0
uwebsockets,raw-bytes,2,0
uwebsockets,catch-all,1,4
uwebsockets,empty-segment,2,0
uwebsockets,trailing-slash,3,0
uwebsockets,method,5,0
