shape,m,status,pairs,ratio,ci_low,ci_high,boot_holds,sign_x,p_sign,sign_holds,max_pair_ratio,ct_ns,rt_ns,holds,disagree
static,10,tested,16,1.0004912153635326,0.9992888561762528,1.0061038375467928,True,15,0.0002593994140625,True,1.0236292717137279,19.7671292,19.71131725,True,False
static,100,tested,16,0.9984972591781838,0.9846923134262948,1.002935632783788,True,14,0.0020904541015625,True,1.0280663896052633,20.03164795,20.23243845,True,False
static,1000,tested,16,1.0015298708610298,0.998247240207777,1.004532430368533,True,16,1.52587890625e-05,True,1.0191128374626537,21.5244027,21.4497945,True,False
param-last,10,tested,16,1.002564371326228,0.9993403709475633,1.0103772257453612,True,14,0.0020904541015625,True,1.1561776195107754,49.231411800000004,48.0053962,True,False
param-last,100,tested,16,1.0006583433404952,0.9939643984126834,1.0081918397708085,True,16,1.52587890625e-05,True,1.0167285821480065,55.50326305,55.28442385,True,False
param-last,1000,tested,16,1.0048328841562422,1.0008270409621802,1.0128736604296718,True,12,0.0384063720703125,False,1.1595088668091018,52.36499135,52.1087928,False,True
param-first,10,tested,16,1.0013062733004998,0.9965878372401964,1.0092574553335525,True,13,0.0106353759765625,True,1.0737980844091215,46.30088655,46.80390985,True,False
param-first,100,tested,16,0.9999743136576646,0.9946521859210886,1.0035957371226554,True,16,1.52587890625e-05,True,1.0125853258700668,53.39216305,53.3326745,True,False
param-first,1000,tested,16,0.9938704546568082,0.9870088284687305,0.9982931961858522,True,16,1.52587890625e-05,True,1.0141862028776283,50.72951075,51.03767895,True,False
rest,10,tested,16,1.0003112614636742,0.9984862904674955,1.0044338764064638,True,14,0.0020904541015625,True,1.0527083452498978,59.3916421,59.58783685,True,False
rest,100,tested,16,0.998059249116192,0.995195796803447,1.003583388030602,True,15,0.0002593994140625,True,1.0286388221179057,66.73775309999999,66.5585763,True,False
rest,1000,tested,16,0.9990850419009756,0.9935459466410002,1.0035505525740824,True,16,1.52587890625e-05,True,1.0123640535177023,64.40167145000001,64.52476515000001,True,False
wild,10,tested,16,1.0004898349524507,0.9907641568773685,1.0131838526321133,True,14,0.0020904541015625,True,1.1388463789194176,51.1737768,49.47500375,True,False
wild,100,tested,16,1.004848526034757,0.996029799525907,1.0149916010680486,True,13,0.0106353759765625,True,1.0322984912137978,57.421193450000004,56.824516200000005,True,False
wild,1000,tested,16,0.9981752140815139,0.9924330310629107,1.0005462787766077,True,15,0.0002593994140625,True,1.0676032771621249,53.80888015,53.921670500000005,True,False
mixed-disjoint,10,tested,16,1.003744027083348,0.9967639301325208,1.005779166414919,True,15,0.0002593994140625,True,1.0415948779094242,51.83100025,51.75969325,True,False
mixed-disjoint,100,tested,16,1.0017133295883949,0.9995243282567109,1.0048146420232977,True,15,0.0002593994140625,True,1.0421681910605662,62.8354899,62.5995734,True,False
mixed-disjoint,1000,tested,16,0.9977142678508024,0.9922824976689457,1.0056152554453321,True,15,0.0002593994140625,True,1.09623412050145,66.53948785,66.62833475,True,False
mixed-overlap,10,tested,16,1.0015847173044503,0.9984232340509152,1.0047000959416732,True,14,0.0020904541015625,True,1.1457896391177957,52.9883988,52.81904955,True,False
mixed-overlap,100,tested,16,0.9988091682891627,0.9946695365790809,1.0002847229258922,True,16,1.52587890625e-05,True,1.005983198192707,63.55068825,63.81777955,True,False
mixed-overlap,1000,tested,16,1.0000081296849084,0.9987258608569268,1.0043078868140536,True,16,1.52587890625e-05,True,1.0131320229194865,76.84861244999999,76.8952146,True,False
