table,shape,m,table_seed,compile_s,loadable_bytes,text_bytes,rodata_bytes,data_bytes,bss_bytes,object_bytes,object_not_loadable_bytes,steps_min_passed,steps_max_failed
github_203,github,203,,4.567,21301,537,20763,0,1,27016,5715,4194304,2097152
mixed_disjoint_10_s1,mixed-disjoint,10,1,1.774,2101,537,1563,0,1,7824,5723,,
mixed_disjoint_10_s111,mixed-disjoint,10,111,1.762,2101,537,1563,0,1,7824,5723,1048576,
mixed_disjoint_10_s112,mixed-disjoint,10,112,1.789,2101,537,1563,0,1,7824,5723,,
mixed_disjoint_10_s113,mixed-disjoint,10,113,1.76,1973,537,1435,0,1,7696,5723,,
mixed_disjoint_10_s114,mixed-disjoint,10,114,1.761,2101,537,1563,0,1,7824,5723,,
mixed_disjoint_10_s115,mixed-disjoint,10,115,1.768,2101,537,1563,0,1,7824,5723,,
mixed_disjoint_10_s116,mixed-disjoint,10,116,1.757,2101,537,1563,0,1,7824,5723,,
mixed_disjoint_10_s117,mixed-disjoint,10,117,1.769,2101,537,1563,0,1,7824,5723,,
mixed_disjoint_10_s118,mixed-disjoint,10,118,1.762,2101,537,1563,0,1,7824,5723,,
mixed_disjoint_10_s119,mixed-disjoint,10,119,1.765,1973,537,1435,0,1,7696,5723,,
mixed_disjoint_10_s120,mixed-disjoint,10,120,1.763,1973,537,1435,0,1,7696,5723,,
mixed_disjoint_10_s121,mixed-disjoint,10,121,1.769,1973,537,1435,0,1,7696,5723,,
mixed_disjoint_10_s122,mixed-disjoint,10,122,1.756,1909,537,1371,0,1,7632,5723,,
mixed_disjoint_10_s123,mixed-disjoint,10,123,1.749,2101,537,1563,0,1,7824,5723,,
mixed_disjoint_10_s124,mixed-disjoint,10,124,1.75,1973,537,1435,0,1,7696,5723,,
mixed_disjoint_10_s125,mixed-disjoint,10,125,1.778,2101,537,1563,0,1,7824,5723,,
mixed_disjoint_10_s126,mixed-disjoint,10,126,1.773,2101,537,1563,0,1,7824,5723,,
mixed_disjoint_100_s1,mixed-disjoint,100,1,2.998,11317,537,10779,0,1,17040,5723,,
mixed_disjoint_100_s111,mixed-disjoint,100,111,3.05,11189,537,10651,0,1,16920,5731,2097152,1048576
mixed_disjoint_100_s112,mixed-disjoint,100,112,3.027,11189,537,10651,0,1,16920,5731,,
mixed_disjoint_100_s113,mixed-disjoint,100,113,3.057,11125,537,10587,0,1,16856,5731,,
mixed_disjoint_100_s114,mixed-disjoint,100,114,2.997,11253,537,10715,0,1,16984,5731,,
mixed_disjoint_100_s115,mixed-disjoint,100,115,3.064,11189,537,10651,0,1,16920,5731,,
mixed_disjoint_100_s116,mixed-disjoint,100,116,3.042,11189,537,10651,0,1,16920,5731,,
mixed_disjoint_100_s117,mixed-disjoint,100,117,3.098,11253,537,10715,0,1,16984,5731,,
mixed_disjoint_100_s118,mixed-disjoint,100,118,2.959,11253,537,10715,0,1,16984,5731,,
mixed_disjoint_100_s119,mixed-disjoint,100,119,3.008,11253,537,10715,0,1,16984,5731,,
mixed_disjoint_100_s120,mixed-disjoint,100,120,3.057,11253,537,10715,0,1,16984,5731,,
mixed_disjoint_100_s121,mixed-disjoint,100,121,3.012,11061,537,10523,0,1,16792,5731,,
mixed_disjoint_100_s122,mixed-disjoint,100,122,3.032,11061,537,10523,0,1,16792,5731,,
mixed_disjoint_100_s123,mixed-disjoint,100,123,3.039,11253,537,10715,0,1,16984,5731,,
mixed_disjoint_100_s124,mixed-disjoint,100,124,3.007,11253,537,10715,0,1,16984,5731,,
mixed_disjoint_100_s125,mixed-disjoint,100,125,3.004,11125,537,10587,0,1,16856,5731,,
mixed_disjoint_100_s126,mixed-disjoint,100,126,3.001,11189,537,10651,0,1,16920,5731,,
mixed_disjoint_1000_s1,mixed-disjoint,1000,1,17.693,101685,537,101147,0,1,107408,5723,,
mixed_disjoint_1000_s111,mixed-disjoint,1000,111,17.592,101941,537,101403,0,1,107672,5731,16777216,8388608
mixed_disjoint_1000_s112,mixed-disjoint,1000,112,17.767,103413,537,102875,0,1,109144,5731,,
mixed_disjoint_1000_s113,mixed-disjoint,1000,113,17.807,104693,537,104155,0,1,110424,5731,,
mixed_disjoint_1000_s114,mixed-disjoint,1000,114,17.789,104949,537,104411,0,1,110680,5731,,
mixed_disjoint_1000_s115,mixed-disjoint,1000,115,17.792,104629,537,104091,0,1,110360,5731,,
mixed_disjoint_1000_s116,mixed-disjoint,1000,116,17.731,103157,537,102619,0,1,108888,5731,,
mixed_disjoint_1000_s117,mixed-disjoint,1000,117,17.767,102005,537,101467,0,1,107736,5731,,
mixed_disjoint_1000_s118,mixed-disjoint,1000,118,17.826,103349,537,102811,0,1,109080,5731,,
mixed_disjoint_1000_s119,mixed-disjoint,1000,119,17.766,106229,537,105691,0,1,111960,5731,,
mixed_disjoint_1000_s120,mixed-disjoint,1000,120,17.811,104181,537,103643,0,1,109912,5731,,
mixed_disjoint_1000_s121,mixed-disjoint,1000,121,17.765,103157,537,102619,0,1,108888,5731,,
mixed_disjoint_1000_s122,mixed-disjoint,1000,122,17.86,106357,537,105819,0,1,112088,5731,,
mixed_disjoint_1000_s123,mixed-disjoint,1000,123,18.256,103221,537,102683,0,1,108952,5731,,
mixed_disjoint_1000_s124,mixed-disjoint,1000,124,17.769,104821,537,104283,0,1,110552,5731,,
mixed_disjoint_1000_s125,mixed-disjoint,1000,125,17.953,104181,537,103643,0,1,109912,5731,,
mixed_disjoint_1000_s126,mixed-disjoint,1000,126,17.62,103349,537,102811,0,1,109080,5731,,
mixed_overlap_10_s1,mixed-overlap,10,1,1.749,1845,537,1307,0,1,7568,5723,,
mixed_overlap_10_s111,mixed-overlap,10,111,1.756,1845,537,1307,0,1,7568,5723,1048576,
mixed_overlap_10_s112,mixed-overlap,10,112,1.748,1845,537,1307,0,1,7568,5723,,
mixed_overlap_10_s113,mixed-overlap,10,113,1.755,1845,537,1307,0,1,7568,5723,,
mixed_overlap_10_s114,mixed-overlap,10,114,1.754,1845,537,1307,0,1,7568,5723,,
mixed_overlap_10_s115,mixed-overlap,10,115,1.757,1845,537,1307,0,1,7568,5723,,
mixed_overlap_10_s116,mixed-overlap,10,116,1.756,1845,537,1307,0,1,7568,5723,,
mixed_overlap_10_s117,mixed-overlap,10,117,1.744,1845,537,1307,0,1,7568,5723,,
mixed_overlap_10_s118,mixed-overlap,10,118,1.754,1845,537,1307,0,1,7568,5723,,
mixed_overlap_10_s119,mixed-overlap,10,119,1.741,1845,537,1307,0,1,7568,5723,,
mixed_overlap_10_s120,mixed-overlap,10,120,1.744,1717,537,1179,0,1,7440,5723,,
mixed_overlap_10_s121,mixed-overlap,10,121,1.755,1845,537,1307,0,1,7568,5723,,
mixed_overlap_10_s122,mixed-overlap,10,122,1.757,1845,537,1307,0,1,7568,5723,,
mixed_overlap_10_s123,mixed-overlap,10,123,1.734,1845,537,1307,0,1,7568,5723,,
mixed_overlap_10_s124,mixed-overlap,10,124,1.751,1717,537,1179,0,1,7440,5723,,
mixed_overlap_10_s125,mixed-overlap,10,125,1.758,1845,537,1307,0,1,7568,5723,,
mixed_overlap_10_s126,mixed-overlap,10,126,1.761,1845,537,1307,0,1,7568,5723,,
mixed_overlap_100_s1,mixed-overlap,100,1,2.909,10805,537,10267,0,1,16528,5723,,
mixed_overlap_100_s111,mixed-overlap,100,111,2.936,10933,537,10395,0,1,16656,5723,2097152,1048576
mixed_overlap_100_s112,mixed-overlap,100,112,2.924,10677,537,10139,0,1,16400,5723,,
mixed_overlap_100_s113,mixed-overlap,100,113,2.921,9845,537,9307,0,1,15568,5723,,
mixed_overlap_100_s114,mixed-overlap,100,114,2.919,10869,537,10331,0,1,16592,5723,,
mixed_overlap_100_s115,mixed-overlap,100,115,2.942,10869,537,10331,0,1,16592,5723,,
mixed_overlap_100_s116,mixed-overlap,100,116,2.942,9717,537,9179,0,1,15440,5723,,
mixed_overlap_100_s117,mixed-overlap,100,117,2.922,9909,537,9371,0,1,15632,5723,,
mixed_overlap_100_s118,mixed-overlap,100,118,2.925,10869,537,10331,0,1,16592,5723,,
mixed_overlap_100_s119,mixed-overlap,100,119,2.903,9845,537,9307,0,1,15568,5723,,
mixed_overlap_100_s120,mixed-overlap,100,120,2.957,10805,537,10267,0,1,16528,5723,,
mixed_overlap_100_s121,mixed-overlap,100,121,2.976,9845,537,9307,0,1,15568,5723,,
mixed_overlap_100_s122,mixed-overlap,100,122,2.907,10677,537,10139,0,1,16400,5723,,
mixed_overlap_100_s123,mixed-overlap,100,123,2.887,10805,537,10267,0,1,16528,5723,,
mixed_overlap_100_s124,mixed-overlap,100,124,2.922,10741,537,10203,0,1,16464,5723,,
mixed_overlap_100_s125,mixed-overlap,100,125,2.922,9781,537,9243,0,1,15504,5723,,
mixed_overlap_100_s126,mixed-overlap,100,126,2.928,9845,537,9307,0,1,15568,5723,,
mixed_overlap_1000_s1,mixed-overlap,1000,1,16.766,89717,537,89179,0,1,95440,5723,,
mixed_overlap_1000_s111,mixed-overlap,1000,111,16.987,87029,537,86491,0,1,92760,5731,16777216,8388608
mixed_overlap_1000_s112,mixed-overlap,1000,112,16.418,86773,537,86235,0,1,92504,5731,,
mixed_overlap_1000_s113,mixed-overlap,1000,113,16.737,89973,537,89435,0,1,95704,5731,,
mixed_overlap_1000_s114,mixed-overlap,1000,114,16.848,84725,537,84187,0,1,90456,5731,,
mixed_overlap_1000_s115,mixed-overlap,1000,115,16.934,86901,537,86363,0,1,92632,5731,,
mixed_overlap_1000_s116,mixed-overlap,1000,116,17.003,88053,537,87515,0,1,93784,5731,,
mixed_overlap_1000_s117,mixed-overlap,1000,117,16.767,87861,537,87323,0,1,93592,5731,,
mixed_overlap_1000_s118,mixed-overlap,1000,118,17.009,90485,537,89947,0,1,96216,5731,,
mixed_overlap_1000_s119,mixed-overlap,1000,119,16.822,89973,537,89435,0,1,95704,5731,,
mixed_overlap_1000_s120,mixed-overlap,1000,120,16.448,88373,537,87835,0,1,94104,5731,,
mixed_overlap_1000_s121,mixed-overlap,1000,121,16.773,83829,537,83291,0,1,89560,5731,,
mixed_overlap_1000_s122,mixed-overlap,1000,122,16.921,89077,537,88539,0,1,94808,5731,,
mixed_overlap_1000_s123,mixed-overlap,1000,123,16.887,86709,537,86171,0,1,92440,5731,,
mixed_overlap_1000_s124,mixed-overlap,1000,124,16.783,89269,537,88731,0,1,95000,5731,,
mixed_overlap_1000_s125,mixed-overlap,1000,125,16.74,89909,537,89371,0,1,95640,5731,,
mixed_overlap_1000_s126,mixed-overlap,1000,126,17.018,84661,537,84123,0,1,90392,5731,,
param_first_10_s1,param-first,10,1,1.758,2613,537,2075,0,1,8336,5723,,
param_first_10_s111,param-first,10,111,1.764,2613,537,2075,0,1,8336,5723,1048576,
param_first_10_s112,param-first,10,112,1.776,2613,537,2075,0,1,8336,5723,,
param_first_10_s113,param-first,10,113,1.761,1973,537,1435,0,1,7696,5723,,
param_first_10_s114,param-first,10,114,1.754,1973,537,1435,0,1,7696,5723,,
param_first_10_s115,param-first,10,115,1.751,1973,537,1435,0,1,7696,5723,,
param_first_10_s116,param-first,10,116,1.751,2613,537,2075,0,1,8336,5723,,
param_first_10_s117,param-first,10,117,1.748,1973,537,1435,0,1,7696,5723,,
param_first_10_s118,param-first,10,118,1.754,2613,537,2075,0,1,8336,5723,,
param_first_10_s119,param-first,10,119,1.743,1973,537,1435,0,1,7696,5723,,
param_first_10_s120,param-first,10,120,1.736,2613,537,2075,0,1,8336,5723,,
param_first_10_s121,param-first,10,121,1.751,2613,537,2075,0,1,8336,5723,,
param_first_10_s122,param-first,10,122,1.743,1973,537,1435,0,1,7696,5723,,
param_first_10_s123,param-first,10,123,1.742,1973,537,1435,0,1,7696,5723,,
param_first_10_s124,param-first,10,124,1.751,2613,537,2075,0,1,8336,5723,,
param_first_10_s125,param-first,10,125,1.755,2613,537,2075,0,1,8336,5723,,
param_first_10_s126,param-first,10,126,1.756,2613,537,2075,0,1,8336,5723,,
param_first_100_s1,param-first,100,1,2.873,9781,537,9243,0,1,15504,5723,,
param_first_100_s111,param-first,100,111,2.857,9909,537,9371,0,1,15632,5723,2097152,1048576
param_first_100_s112,param-first,100,112,2.92,9909,537,9371,0,1,15632,5723,,
param_first_100_s113,param-first,100,113,2.862,9909,537,9371,0,1,15632,5723,,
param_first_100_s114,param-first,100,114,2.865,9845,537,9307,0,1,15568,5723,,
param_first_100_s115,param-first,100,115,2.866,9845,537,9307,0,1,15568,5723,,
param_first_100_s116,param-first,100,116,2.874,9781,537,9243,0,1,15504,5723,,
param_first_100_s117,param-first,100,117,2.864,9845,537,9307,0,1,15568,5723,,
param_first_100_s118,param-first,100,118,2.893,9845,537,9307,0,1,15568,5723,,
param_first_100_s119,param-first,100,119,2.876,9845,537,9307,0,1,15568,5723,,
param_first_100_s120,param-first,100,120,2.856,9717,537,9179,0,1,15440,5723,,
param_first_100_s121,param-first,100,121,2.915,10357,537,9819,0,1,16080,5723,,
param_first_100_s122,param-first,100,122,2.914,9845,537,9307,0,1,15568,5723,,
param_first_100_s123,param-first,100,123,2.845,10357,537,9819,0,1,16080,5723,,
param_first_100_s124,param-first,100,124,2.881,9845,537,9307,0,1,15568,5723,,
param_first_100_s125,param-first,100,125,2.87,10421,537,9883,0,1,16144,5723,,
param_first_100_s126,param-first,100,126,2.864,9717,537,9179,0,1,15440,5723,,
param_first_1000_s1,param-first,1000,1,17.27,109813,537,109275,0,1,115536,5723,,
param_first_1000_s111,param-first,1000,111,16.649,106677,537,106139,0,1,112400,5723,16777216,8388608
param_first_1000_s112,param-first,1000,112,17.016,109813,537,109275,0,1,115536,5723,,
param_first_1000_s113,param-first,1000,113,16.856,109877,537,109339,0,1,115600,5723,,
param_first_1000_s114,param-first,1000,114,16.87,109749,537,109211,0,1,115472,5723,,
param_first_1000_s115,param-first,1000,115,17.047,108213,537,107675,0,1,113936,5723,,
param_first_1000_s116,param-first,1000,116,17.127,114357,537,113819,0,1,120080,5723,,
param_first_1000_s117,param-first,1000,117,16.979,109813,537,109275,0,1,115536,5723,,
param_first_1000_s118,param-first,1000,118,17.062,111285,537,110747,0,1,117008,5723,,
param_first_1000_s119,param-first,1000,119,16.998,111413,537,110875,0,1,117136,5723,,
param_first_1000_s120,param-first,1000,120,17.098,112693,537,112155,0,1,118416,5723,,
param_first_1000_s121,param-first,1000,121,16.779,111413,537,110875,0,1,117136,5723,,
param_first_1000_s122,param-first,1000,122,16.941,109749,537,109211,0,1,115472,5723,,
param_first_1000_s123,param-first,1000,123,16.986,109685,537,109147,0,1,115408,5723,,
param_first_1000_s124,param-first,1000,124,16.637,112885,537,112347,0,1,118608,5723,,
param_first_1000_s125,param-first,1000,125,17.083,115829,537,115291,0,1,121552,5723,,
param_first_1000_s126,param-first,1000,126,17.123,106677,537,106139,0,1,112400,5723,,
param_last_10_s1,param-last,10,1,1.705,2869,537,2331,0,1,8592,5723,,
param_last_10_s111,param-last,10,111,1.713,2933,537,2395,0,1,8656,5723,1048576,
param_last_10_s112,param-last,10,112,1.714,2869,537,2331,0,1,8592,5723,,
param_last_10_s113,param-last,10,113,1.714,2293,537,1755,0,1,8016,5723,,
param_last_10_s114,param-last,10,114,1.706,2293,537,1755,0,1,8016,5723,,
param_last_10_s115,param-last,10,115,1.711,2293,537,1755,0,1,8016,5723,,
param_last_10_s116,param-last,10,116,1.718,2869,537,2331,0,1,8592,5723,,
param_last_10_s117,param-last,10,117,1.718,2293,537,1755,0,1,8016,5723,,
param_last_10_s118,param-last,10,118,1.72,2869,537,2331,0,1,8592,5723,,
param_last_10_s119,param-last,10,119,1.709,2229,537,1691,0,1,7952,5723,,
param_last_10_s120,param-last,10,120,1.709,2869,537,2331,0,1,8592,5723,,
param_last_10_s121,param-last,10,121,1.719,2869,537,2331,0,1,8592,5723,,
param_last_10_s122,param-last,10,122,1.704,2293,537,1755,0,1,8016,5723,,
param_last_10_s123,param-last,10,123,1.707,2229,537,1691,0,1,7952,5723,,
param_last_10_s124,param-last,10,124,1.719,2869,537,2331,0,1,8592,5723,,
param_last_10_s125,param-last,10,125,1.709,2869,537,2331,0,1,8592,5723,,
param_last_10_s126,param-last,10,126,1.725,2933,537,2395,0,1,8656,5723,,
param_last_100_s1,param-last,100,1,2.849,12981,537,12443,0,1,18704,5723,,
param_last_100_s111,param-last,100,111,2.844,13109,537,12571,0,1,18832,5723,2097152,1048576
param_last_100_s112,param-last,100,112,2.906,13109,537,12571,0,1,18832,5723,,
param_last_100_s113,param-last,100,113,2.868,13045,537,12507,0,1,18768,5723,,
param_last_100_s114,param-last,100,114,2.86,12981,537,12443,0,1,18704,5723,,
param_last_100_s115,param-last,100,115,2.873,13045,537,12507,0,1,18768,5723,,
param_last_100_s116,param-last,100,116,2.857,12917,537,12379,0,1,18640,5723,,
param_last_100_s117,param-last,100,117,2.848,13045,537,12507,0,1,18768,5723,,
param_last_100_s118,param-last,100,118,2.889,13045,537,12507,0,1,18768,5723,,
param_last_100_s119,param-last,100,119,2.867,12981,537,12443,0,1,18704,5723,,
param_last_100_s120,param-last,100,120,2.84,12853,537,12315,0,1,18576,5723,,
param_last_100_s121,param-last,100,121,2.901,13557,537,13019,0,1,19280,5723,,
param_last_100_s122,param-last,100,122,2.901,12981,537,12443,0,1,18704,5723,,
param_last_100_s123,param-last,100,123,2.827,13557,537,13019,0,1,19280,5723,,
param_last_100_s124,param-last,100,124,2.85,12981,537,12443,0,1,18704,5723,,
param_last_100_s125,param-last,100,125,2.86,13557,537,13019,0,1,19280,5723,,
param_last_100_s126,param-last,100,126,2.846,12853,537,12315,0,1,18576,5723,,
param_last_1000_s1,param-last,1000,1,17.269,141813,537,141275,0,1,147536,5723,,
param_last_1000_s111,param-last,1000,111,16.782,138677,537,138139,0,1,144400,5723,16777216,8388608
param_last_1000_s112,param-last,1000,112,17.163,141813,537,141275,0,1,147536,5723,,
param_last_1000_s113,param-last,1000,113,16.966,141877,537,141339,0,1,147600,5723,,
param_last_1000_s114,param-last,1000,114,16.97,141749,537,141211,0,1,147472,5723,,
param_last_1000_s115,param-last,1000,115,17.081,140213,537,139675,0,1,145936,5723,,
param_last_1000_s116,param-last,1000,116,17.187,146357,537,145819,0,1,152080,5723,,
param_last_1000_s117,param-last,1000,117,17.098,141813,537,141275,0,1,147536,5723,,
param_last_1000_s118,param-last,1000,118,17.008,143285,537,142747,0,1,149008,5723,,
param_last_1000_s119,param-last,1000,119,17.141,143413,537,142875,0,1,149136,5723,,
param_last_1000_s120,param-last,1000,120,17.234,144693,537,144155,0,1,150416,5723,,
param_last_1000_s121,param-last,1000,121,16.911,143413,537,142875,0,1,149136,5723,,
param_last_1000_s122,param-last,1000,122,16.961,141749,537,141211,0,1,147472,5723,,
param_last_1000_s123,param-last,1000,123,17.189,141685,537,141147,0,1,147408,5723,,
param_last_1000_s124,param-last,1000,124,16.897,144885,537,144347,0,1,150608,5723,,
param_last_1000_s125,param-last,1000,125,17.169,147829,537,147291,0,1,153552,5723,,
param_last_1000_s126,param-last,1000,126,17.109,138677,537,138139,0,1,144400,5723,,
rest_10_s1,rest,10,1,1.718,3189,537,2651,0,1,8904,5715,,
rest_10_s111,rest,10,111,1.724,3253,537,2715,0,1,8968,5715,1048576,
rest_10_s112,rest,10,112,1.727,3189,537,2651,0,1,8904,5715,,
rest_10_s113,rest,10,113,1.714,2549,537,2011,0,1,8264,5715,,
rest_10_s114,rest,10,114,1.713,2549,537,2011,0,1,8264,5715,,
rest_10_s115,rest,10,115,1.714,2549,537,2011,0,1,8264,5715,,
rest_10_s116,rest,10,116,1.714,3189,537,2651,0,1,8904,5715,,
rest_10_s117,rest,10,117,1.71,2549,537,2011,0,1,8264,5715,,
rest_10_s118,rest,10,118,1.726,3189,537,2651,0,1,8904,5715,,
rest_10_s119,rest,10,119,1.707,2485,537,1947,0,1,8200,5715,,
rest_10_s120,rest,10,120,1.725,3189,537,2651,0,1,8904,5715,,
rest_10_s121,rest,10,121,1.74,3189,537,2651,0,1,8904,5715,,
rest_10_s122,rest,10,122,1.72,2549,537,2011,0,1,8264,5715,,
rest_10_s123,rest,10,123,1.707,2485,537,1947,0,1,8200,5715,,
rest_10_s124,rest,10,124,1.721,3189,537,2651,0,1,8904,5715,,
rest_10_s125,rest,10,125,1.728,3189,537,2651,0,1,8904,5715,,
rest_10_s126,rest,10,126,1.718,3253,537,2715,0,1,8968,5715,,
rest_100_s1,rest,100,1,3.011,13941,537,13403,0,1,19656,5715,,
rest_100_s111,rest,100,111,3.018,14133,537,13595,0,1,19848,5715,2097152,1048576
rest_100_s112,rest,100,112,3.073,14133,537,13595,0,1,19848,5715,,
rest_100_s113,rest,100,113,3.027,14069,537,13531,0,1,19784,5715,,
rest_100_s114,rest,100,114,3.014,14005,537,13467,0,1,19720,5715,,
rest_100_s115,rest,100,115,3.048,14069,537,13531,0,1,19784,5715,,
rest_100_s116,rest,100,116,3.008,13877,537,13339,0,1,19592,5715,,
rest_100_s117,rest,100,117,3.012,14069,537,13531,0,1,19784,5715,,
rest_100_s118,rest,100,118,3.041,14069,537,13531,0,1,19784,5715,,
rest_100_s119,rest,100,119,3.038,14005,537,13467,0,1,19720,5715,,
rest_100_s120,rest,100,120,3.011,13813,537,13275,0,1,19528,5715,,
rest_100_s121,rest,100,121,3.067,14517,537,13979,0,1,20232,5715,,
rest_100_s122,rest,100,122,3.043,14005,537,13467,0,1,19720,5715,,
rest_100_s123,rest,100,123,2.984,14517,537,13979,0,1,20232,5715,,
rest_100_s124,rest,100,124,3.003,14005,537,13467,0,1,19720,5715,,
rest_100_s125,rest,100,125,3.013,14581,537,14043,0,1,20296,5715,,
rest_100_s126,rest,100,126,3.013,13813,537,13275,0,1,19528,5715,,
rest_1000_s1,rest,1000,1,18.89,142837,537,142299,0,1,148552,5715,,
rest_1000_s111,rest,1000,111,18.379,139701,537,139163,0,1,145416,5715,16777216,8388608
rest_1000_s112,rest,1000,112,18.797,142837,537,142299,0,1,148552,5715,,
rest_1000_s113,rest,1000,113,18.593,142901,537,142363,0,1,148616,5715,,
rest_1000_s114,rest,1000,114,18.643,142773,537,142235,0,1,148488,5715,,
rest_1000_s115,rest,1000,115,18.753,141237,537,140699,0,1,146952,5715,,
rest_1000_s116,rest,1000,116,18.737,147381,537,146843,0,1,153096,5715,,
rest_1000_s117,rest,1000,117,18.765,142837,537,142299,0,1,148552,5715,,
rest_1000_s118,rest,1000,118,18.743,144309,537,143771,0,1,150024,5715,,
rest_1000_s119,rest,1000,119,18.823,144437,537,143899,0,1,150152,5715,,
rest_1000_s120,rest,1000,120,19.011,145717,537,145179,0,1,151432,5715,,
rest_1000_s121,rest,1000,121,18.534,144437,537,143899,0,1,150152,5715,,
rest_1000_s122,rest,1000,122,18.576,142773,537,142235,0,1,148488,5715,,
rest_1000_s123,rest,1000,123,18.703,142709,537,142171,0,1,148424,5715,,
rest_1000_s124,rest,1000,124,18.63,145909,537,145371,0,1,151624,5715,,
rest_1000_s125,rest,1000,125,18.959,148853,537,148315,0,1,154568,5715,,
rest_1000_s126,rest,1000,126,18.929,139701,537,139163,0,1,145416,5715,,
static_10_s1,static,10,1,1.653,1797,489,1307,0,1,7512,5715,,
static_10_s111,static,10,111,1.657,1797,489,1307,0,1,7512,5715,1048576,
static_10_s112,static,10,112,1.645,1733,489,1243,0,1,7448,5715,,
static_10_s113,static,10,113,1.65,1797,489,1307,0,1,7512,5715,,
static_10_s114,static,10,114,1.655,1733,489,1243,0,1,7448,5715,,
static_10_s115,static,10,115,1.647,1733,489,1243,0,1,7448,5715,,
static_10_s116,static,10,116,1.654,1733,489,1243,0,1,7448,5715,,
static_10_s117,static,10,117,1.649,1797,489,1307,0,1,7512,5715,,
static_10_s118,static,10,118,1.645,1797,489,1307,0,1,7512,5715,,
static_10_s119,static,10,119,1.648,1797,489,1307,0,1,7512,5715,,
static_10_s120,static,10,120,1.645,1733,489,1243,0,1,7448,5715,,
static_10_s121,static,10,121,1.649,1797,489,1307,0,1,7512,5715,,
static_10_s122,static,10,122,1.645,1797,489,1307,0,1,7512,5715,,
static_10_s123,static,10,123,1.655,1797,489,1307,0,1,7512,5715,,
static_10_s124,static,10,124,1.639,1797,489,1307,0,1,7512,5715,,
static_10_s125,static,10,125,1.647,1797,489,1307,0,1,7512,5715,,
static_10_s126,static,10,126,1.649,1733,489,1243,0,1,7448,5715,,
static_100_s1,static,100,1,2.697,9157,489,8667,0,1,14872,5715,,
static_100_s111,static,100,111,2.596,9029,489,8539,0,1,14752,5723,1048576,
static_100_s112,static,100,112,2.61,9093,489,8603,0,1,14816,5723,,
static_100_s113,static,100,113,2.646,9093,489,8603,0,1,14816,5723,,
static_100_s114,static,100,114,2.636,9093,489,8603,0,1,14816,5723,,
static_100_s115,static,100,115,2.65,9093,489,8603,0,1,14816,5723,,
static_100_s116,static,100,116,2.648,9093,489,8603,0,1,14816,5723,,
static_100_s117,static,100,117,2.624,9093,489,8603,0,1,14816,5723,,
static_100_s118,static,100,118,2.688,9157,489,8667,0,1,14880,5723,,
static_100_s119,static,100,119,2.588,9093,489,8603,0,1,14816,5723,,
static_100_s120,static,100,120,2.574,9029,489,8539,0,1,14752,5723,,
static_100_s121,static,100,121,2.732,9157,489,8667,0,1,14880,5723,,
static_100_s122,static,100,122,2.574,9029,489,8539,0,1,14752,5723,,
static_100_s123,static,100,123,2.636,8965,489,8475,0,1,14688,5723,,
static_100_s124,static,100,124,2.557,9093,489,8603,0,1,14816,5723,,
static_100_s125,static,100,125,2.602,9093,489,8603,0,1,14816,5723,,
static_100_s126,static,100,126,2.625,9029,489,8539,0,1,14752,5723,,
static_1000_s1,static,1000,1,15.805,71749,489,71259,0,1,77464,5715,,
static_1000_s111,static,1000,111,15.694,71557,489,71067,0,1,77280,5723,16777216,8388608
static_1000_s112,static,1000,112,15.788,71685,489,71195,0,1,77408,5723,,
static_1000_s113,static,1000,113,15.078,71685,489,71195,0,1,77408,5723,,
static_1000_s114,static,1000,114,16.334,71685,489,71195,0,1,77408,5723,,
static_1000_s115,static,1000,115,15.52,71749,489,71259,0,1,77472,5723,,
static_1000_s116,static,1000,116,14.883,71685,489,71195,0,1,77408,5723,,
static_1000_s117,static,1000,117,15.222,71749,489,71259,0,1,77472,5723,,
static_1000_s118,static,1000,118,14.832,71749,489,71259,0,1,77472,5723,,
static_1000_s119,static,1000,119,15.124,71749,489,71259,0,1,77472,5723,,
static_1000_s120,static,1000,120,15.752,71557,489,71067,0,1,77280,5723,,
static_1000_s121,static,1000,121,15.904,71813,489,71323,0,1,77536,5723,,
static_1000_s122,static,1000,122,15.283,71557,489,71067,0,1,77280,5723,,
static_1000_s123,static,1000,123,15.782,71429,489,70939,0,1,77152,5723,,
static_1000_s124,static,1000,124,15.258,71749,489,71259,0,1,77472,5723,,
static_1000_s125,static,1000,125,15.67,71621,489,71131,0,1,77344,5723,,
static_1000_s126,static,1000,126,15.695,71685,489,71195,0,1,77408,5723,,
wild_10_s1,wild,10,1,1.692,2869,537,2331,0,1,8584,5715,,
wild_10_s111,wild,10,111,1.695,2933,537,2395,0,1,8648,5715,1048576,
wild_10_s112,wild,10,112,1.694,2869,537,2331,0,1,8584,5715,,
wild_10_s113,wild,10,113,1.685,2293,537,1755,0,1,8008,5715,,
wild_10_s114,wild,10,114,1.689,2293,537,1755,0,1,8008,5715,,
wild_10_s115,wild,10,115,1.686,2293,537,1755,0,1,8008,5715,,
wild_10_s116,wild,10,116,1.697,2869,537,2331,0,1,8584,5715,,
wild_10_s117,wild,10,117,1.688,2293,537,1755,0,1,8008,5715,,
wild_10_s118,wild,10,118,1.705,2869,537,2331,0,1,8584,5715,,
wild_10_s119,wild,10,119,1.689,2229,537,1691,0,1,7944,5715,,
wild_10_s120,wild,10,120,1.696,2869,537,2331,0,1,8584,5715,,
wild_10_s121,wild,10,121,1.705,2869,537,2331,0,1,8584,5715,,
wild_10_s122,wild,10,122,1.688,2293,537,1755,0,1,8008,5715,,
wild_10_s123,wild,10,123,1.68,2229,537,1691,0,1,7944,5715,,
wild_10_s124,wild,10,124,1.697,2869,537,2331,0,1,8584,5715,,
wild_10_s125,wild,10,125,1.694,2869,537,2331,0,1,8584,5715,,
wild_10_s126,wild,10,126,1.688,2933,537,2395,0,1,8648,5715,,
wild_100_s1,wild,100,1,2.849,12981,537,12443,0,1,18696,5715,,
wild_100_s111,wild,100,111,2.843,13109,537,12571,0,1,18824,5715,2097152,1048576
wild_100_s112,wild,100,112,2.889,13109,537,12571,0,1,18824,5715,,
wild_100_s113,wild,100,113,2.837,13045,537,12507,0,1,18760,5715,,
wild_100_s114,wild,100,114,2.845,12981,537,12443,0,1,18696,5715,,
wild_100_s115,wild,100,115,2.871,13045,537,12507,0,1,18760,5715,,
wild_100_s116,wild,100,116,2.834,12917,537,12379,0,1,18632,5715,,
wild_100_s117,wild,100,117,2.845,13045,537,12507,0,1,18760,5715,,
wild_100_s118,wild,100,118,2.852,13045,537,12507,0,1,18760,5715,,
wild_100_s119,wild,100,119,2.865,12981,537,12443,0,1,18696,5715,,
wild_100_s120,wild,100,120,2.819,12853,537,12315,0,1,18568,5715,,
wild_100_s121,wild,100,121,2.9,13557,537,13019,0,1,19272,5715,,
wild_100_s122,wild,100,122,2.876,12981,537,12443,0,1,18696,5715,,
wild_100_s123,wild,100,123,2.826,13557,537,13019,0,1,19272,5715,,
wild_100_s124,wild,100,124,2.824,12981,537,12443,0,1,18696,5715,,
wild_100_s125,wild,100,125,2.851,13557,537,13019,0,1,19272,5715,,
wild_100_s126,wild,100,126,2.834,12853,537,12315,0,1,18568,5715,,
wild_1000_s1,wild,1000,1,17.23,141813,537,141275,0,1,147528,5715,,
wild_1000_s111,wild,1000,111,16.689,138677,537,138139,0,1,144392,5715,16777216,8388608
wild_1000_s112,wild,1000,112,17.156,141813,537,141275,0,1,147528,5715,,
wild_1000_s113,wild,1000,113,16.931,141877,537,141339,0,1,147592,5715,,
wild_1000_s114,wild,1000,114,17.026,141749,537,141211,0,1,147464,5715,,
wild_1000_s115,wild,1000,115,16.985,140213,537,139675,0,1,145928,5715,,
wild_1000_s116,wild,1000,116,17.13,146357,537,145819,0,1,152072,5715,,
wild_1000_s117,wild,1000,117,17.232,141813,537,141275,0,1,147528,5715,,
wild_1000_s118,wild,1000,118,17.095,143285,537,142747,0,1,149000,5715,,
wild_1000_s119,wild,1000,119,17.051,143413,537,142875,0,1,149128,5715,,
wild_1000_s120,wild,1000,120,17.22,144693,537,144155,0,1,150408,5715,,
wild_1000_s121,wild,1000,121,17.012,143413,537,142875,0,1,149128,5715,,
wild_1000_s122,wild,1000,122,16.965,141749,537,141211,0,1,147464,5715,,
wild_1000_s123,wild,1000,123,17.106,141685,537,141147,0,1,147400,5715,,
wild_1000_s124,wild,1000,124,16.82,144885,537,144347,0,1,150600,5715,,
wild_1000_s125,wild,1000,125,17.181,147829,537,147291,0,1,153544,5715,,
wild_1000_s126,wild,1000,126,17.228,138677,537,138139,0,1,144392,5715,,
