shape,m,status,fastest,ratio,ci_low,ci_high,failures
static,10,tested,matchit,0.5323966645326637,0.5010173091798931,0.5902201668785211,
static,100,tested,matchit,0.36377568143890254,0.35583271005935446,0.3656237104599819,
static,1000,tested,matchit,0.2725325083097345,0.2699202585454835,0.2764381131297624,
static,10000,tested,matchit,0.19862544307822827,0.19785429341665015,0.20076798599887544,
static,100000,tested,drogon,0.1413185303632889,0.14012934732143456,0.14306208954747726,
param-last,10,tested,gin,0.8484148261449513,0.821088300202995,0.8625870356019449,
param-last,100,tested,gin,0.7089930897192745,0.6949128928825902,0.7125655592642379,
param-last,1000,tested,gin,0.4878845319134628,0.48125888723329596,0.49538460559997644,
param-last,10000,tested,gin,0.35026097831183955,0.34879012328403475,0.3529201562734485,
param-last,100000,tested,gin,0.2731180675202057,0.2676313464652906,0.27546254233763434,
param-first,10,tested,gin,0.7388421915696076,0.7234013246451368,0.7527486875823273,
param-first,100,tested,gin,0.6378157693175128,0.6293025916134523,0.6418736950861532,
param-first,1000,tested,gin,0.45676148764569835,0.449251960990764,0.4597290798411288,
param-first,10000,tested,gin,0.34569410823650815,0.3437265588196539,0.34755104508810203,
param-first,100000,tested,gin,0.2808332622499683,0.27901060184788423,0.2861508205166625,
rest,10,tested,gin,0.7434568646083557,0.732593647630198,0.7537714892887489,
rest,100,tested,gin,0.6330268632407446,0.6279329973362353,0.6395656639518954,
rest,1000,tested,gin,0.4797130146537597,0.4733491811728652,0.48469662056282364,
rest,10000,tested,gin,0.3779165596623149,0.37677214779075385,0.37991890889725455,
rest,100000,tested,gin,0.29754098279580377,0.2957963876370371,0.3001343692449296,
wild,10,tested,gin,0.9105266650712058,0.9005376144755871,0.9234039979408839,
wild,100,tested,gin,0.7269603266395164,0.717673981634111,0.741482162388197,
wild,1000,tested,gin,0.46702072399968897,0.46149639550321314,0.472334524254405,
wild,10000,tested,gin,0.31769128581362244,0.31638928258770416,0.32086964211252283,
wild,100000,tested,gin,0.2534076581214067,0.25261259161410293,0.25599660692325116,
mixed-disjoint,10,tested,gin,0.8923337688875796,0.839563881786713,0.9190960211110717,
mixed-disjoint,100,tested,gin,0.8170072554027479,0.813495889433008,0.8314792787234049,
mixed-disjoint,1000,tested,gin,0.6359101358256039,0.62261071761243,0.637527124763583,
mixed-disjoint,10000,tested,gin,0.43211106137300626,0.4292069786925315,0.4346737806356246,
mixed-disjoint,100000,tested,gin,0.361266603734003,0.3561277643409468,0.3652222137168526,
mixed-overlap,10,tested,matchit,0.5790794802038761,0.5704436919870091,0.5914675761912597,
mixed-overlap,100,tested,matchit,0.5046941917869491,0.4951713917538607,0.5156094926211933,
mixed-overlap,1000,tested,matchit,0.4533648736382184,0.4514377338224844,0.4604385051579563,
mixed-overlap,10000,tested,matchit,0.368746355782557,0.36516832253498516,0.37083477742738646,
mixed-overlap,100000,tested,matchit,0.29694285236503903,0.29390890546296167,0.3020257249630513,
