shape,m,seeds,low_frozen,high_frozen,low_min,low_max,high_min,high_max,seeds_low_above_one,seeds_high_above_margin
static,10,40,0.9886157812571248,1.0039563969044931,0.9847173024646594,0.9886157812571248,1.0034423447966359,1.0041117811593954,0,0
static,100,40,0.9822507751189712,1.0048949738660797,0.9822507751189712,0.9822507751189712,1.0048949738660797,1.0048949738660797,0,0
static,1000,40,0.978286929118405,1.004812649204509,0.978286929118405,0.978286929118405,1.004812649204509,1.0068602764835695,0,0
param-last,10,40,0.9911888434152147,0.9992601211692045,0.9911888434152147,0.9911888434152147,0.9986877705347282,0.9992601211692045,0,0
param-last,100,40,0.9959579850830612,1.001973258476421,0.9951241697262114,0.9959815056272079,1.001973258476421,1.0028408607572223,0,0
param-last,1000,40,1.0005554248278992,1.0130635426231676,1.0005554248278992,1.0017519031273199,1.0130635426231676,1.0151823176739951,40,0
param-first,10,40,0.9999049879488852,1.0036505258176986,0.9995194791471153,1.000430225804857,1.0036505258176986,1.0038502873821566,2,0
param-first,100,40,0.9880692920642608,1.00380621320867,0.9851813230769505,0.9885804350489887,1.00380621320867,1.00380621320867,0,0
param-first,1000,40,1.0023110201401386,1.0139567652224981,1.0023110201401386,1.002513673408762,1.0067939950956917,1.0144521002183193,40,0
rest,10,40,0.991769476911764,1.0085084636833954,0.9909164431914226,0.991769476911764,1.0085084636833954,1.0091189792824264,0,0
rest,100,40,0.9989316076790957,1.0055253023472084,0.9978676945746807,0.999185029507927,1.0055253023472084,1.005813059185233,0,0
rest,1000,40,0.9971445362980487,1.0021054940133007,0.9967946736412228,0.9971445362980487,1.0021054940133007,1.003369847772871,0,0
wild,10,40,1.0016355554490788,1.01590583545725,0.9996897387113299,1.0016355554490788,1.01590583545725,1.0175460713101971,36,0
wild,100,40,0.998472125227106,1.0058455681827505,0.9981824161148657,0.998472125227106,1.005793827467637,1.0066989155308042,0,0
wild,1000,40,0.9965969303407074,1.0090738599407119,0.9959128122171486,0.9965969303407074,1.0062996039331598,1.0090738599407119,0,0
mixed-disjoint,10,40,0.9965190107900047,1.0038157615583687,0.9952680722080753,0.9965190107900047,1.0038157615583687,1.0038728819819727,0,0
mixed-disjoint,100,40,0.9959061569480875,1.0001968217298365,0.9957163951924346,0.9960345229909138,0.9996940880869611,1.00054055972345,0,0
mixed-disjoint,1000,40,0.9969501892546666,1.002541105516152,0.9969501892546666,0.9969831963467066,1.002541105516152,1.0029166927429984,0,0
mixed-overlap,10,40,0.9970314976538402,1.0007957327902073,0.9961001188727832,0.9974469740422353,1.0007957327902073,1.000800690133222,0,0
mixed-overlap,100,40,0.9958335316740204,1.00433648521351,0.9958335316740204,0.9958335316740204,1.00433648521351,1.0043436339156144,0,0
mixed-overlap,1000,40,0.9944139855398163,1.0036191536042205,0.9944139855398163,0.9944139855398163,1.0036191536042205,1.0037296280319965,0,0
