shape,m,fastest,pairs,below_margin,max_pair_ratio,sign_p,cluster_ratio,cluster_low,cluster_high,cycles_fastest,cycles_fastest_changed,cycles_ratio,cycles_low,cycles_high,cycles_max_pair_ratio
static,10,matchit,10,10,0.6509590380062827,0.0009765625,0.5323966645326637,0.5010173091798931,0.6451202103622404,matchit,False,0.5324945381204118,0.5013742814128326,0.5904168812810582,0.6517516791524418
static,100,matchit,10,10,0.37504543468896323,0.0009765625,0.36377568143890254,0.35200665372128376,0.3656120061617697,matchit,False,0.36398792565452986,0.3559514899435157,0.36582000349520716,0.374791786571903
static,1000,matchit,10,10,0.28969625995536796,0.0009765625,0.2725325083097345,0.27079817152163493,0.27436526299934766,matchit,False,0.2725287986446809,0.2696309180402048,0.27668963028289106,0.2897488915592528
static,10000,matchit,10,10,0.2014841766324625,0.0009765625,0.19862544307822827,0.19785429341665015,0.199778752153935,matchit,False,0.19875121763341136,0.1976464552510881,0.20088916377274252,0.2022465443468155
static,100000,drogon,10,10,0.14317154849083372,0.0009765625,0.1413185303632889,0.14060428052576512,0.1425025641161859,drogon,False,0.14130856551250054,0.14054716897076552,0.1430422381096279,0.14323500201469216
param-last,10,gin,10,10,0.9077816594343813,0.0009765625,0.8484148261449513,0.7965741972628921,0.8625870356019449,gin,False,0.8519448576793358,0.8239305242039314,0.8660148529142714,0.9105688252295332
param-last,100,gin,10,10,0.7199595403910767,0.0009765625,0.7089930897192745,0.6934676564890329,0.7109110111554874,gin,False,0.7126534742519942,0.6998491207784473,0.7161571630041912,0.7223848973696522
param-last,1000,gin,10,10,0.5029544105671013,0.0009765625,0.4878845319134628,0.4833389614173853,0.4940532023767442,gin,False,0.4899177561676836,0.4832177330447416,0.4980489431319243,0.504732056438591
param-last,10000,gin,10,10,0.3560569522525214,0.0009765625,0.35026097831183955,0.3492843042285124,0.35078389589767267,gin,False,0.35126241372152334,0.3503358376772447,0.35377940349477155,0.35849429383163844
param-last,100000,gin,10,10,0.2787405394809084,0.0009765625,0.2731180675202057,0.2664528685760659,0.27523887994527724,gin,False,0.2738692027080062,0.2692639466436846,0.27646589825352974,0.27948345913841927
param-first,10,gin,10,10,0.7604265513181628,0.0009765625,0.7388421915696076,0.7151830791987964,0.7534569615468685,gin,False,0.741212288472487,0.7254029722087482,0.7546400144037896,0.7633674442494248
param-first,100,gin,10,10,0.6498536917405631,0.0009765625,0.6378157693175128,0.6239030386298432,0.6410180267331691,gin,False,0.6405168561184396,0.6315775465765687,0.644293914392339,0.6535422594477872
param-first,1000,gin,10,10,0.46884473082214617,0.0009765625,0.45676148764569835,0.449251960990764,0.45829175251557136,gin,False,0.45846593534263336,0.45341079400306444,0.4615587077087581,0.47168104768984787
param-first,10000,gin,10,10,0.35042145956850135,0.0009765625,0.34569410823650815,0.34287504230501037,0.34755104508810203,gin,False,0.347408040943027,0.3458691015232365,0.34904290659558757,0.35129993313753677
param-first,100000,gin,10,10,0.2887894231486296,0.0009765625,0.2808332622499683,0.2793395418999719,0.2861508205166625,gin,False,0.28177874102419614,0.2792275015611545,0.28838836280666236,0.289781731057711
rest,10,gin,10,10,0.7729542309887744,0.0009765625,0.7434568646083557,0.728250518868114,0.7633183521410271,gin,False,0.7468008049998036,0.7343272046277207,0.7573661334188726,0.7738835037117148
rest,100,gin,10,10,0.6419133531412033,0.0009765625,0.6330268632407446,0.6268110000987213,0.6405583789219387,gin,False,0.6350423263503941,0.630941072250149,0.6420723789270065,0.6443955413256904
rest,1000,gin,10,10,0.49148344040683084,0.0009765625,0.4797130146537597,0.4733491811728652,0.48468023099150215,gin,False,0.48172528427113365,0.47624770865404875,0.4872135768992999,0.4935823295768957
rest,10000,gin,10,10,0.3849699405147202,0.0009765625,0.3779165596623149,0.3773249298255989,0.3786263260595988,gin,False,0.3795078804752374,0.3786073284185133,0.38221287298717693,0.3857225026599881
rest,100000,gin,10,10,0.30232300674078216,0.0009765625,0.29754098279580377,0.29598887968358073,0.29895803330406134,gin,False,0.29901149229284196,0.29715963292253456,0.30127282409376716,0.3032137048582389
wild,10,gin,10,10,0.9355496248133599,0.0009765625,0.9105266650712058,0.8980486824458526,0.9231008062155387,gin,False,0.9143689589997996,0.9072724710157223,0.9274044696051342,0.9426315433538496
wild,100,gin,10,10,0.751278419547136,0.0009765625,0.7269603266395164,0.717673981634111,0.7486030023465132,gin,False,0.7308164645719049,0.7220424310922566,0.7443295190198159,0.7542156753465488
wild,1000,gin,10,10,0.4766379535056097,0.0009765625,0.46702072399968897,0.4581925378034322,0.47104358847833955,gin,False,0.4692773994844104,0.4634141464925491,0.4744287368115887,0.4783033510678307
wild,10000,gin,10,10,0.32385749339829156,0.0009765625,0.31769128581362244,0.3168684425799912,0.3207960467874531,gin,False,0.31913822062845487,0.3180389525902787,0.3221192606847482,0.3261264973473872
wild,100000,gin,10,10,0.26030513110828035,0.0009765625,0.2534076581214067,0.25292271231171254,0.25685742247127974,gin,False,0.25411941679592664,0.25356785609381083,0.25741348076828013,0.2616644084169017
mixed-disjoint,10,gin,10,10,0.9457642228979232,0.0009765625,0.8923337688875796,0.8319536436663422,0.9404322216533487,gin,False,0.8943132578560263,0.8429193409490948,0.9229707380874212,0.9495608134884967
mixed-disjoint,100,gin,10,10,0.8426813767774327,0.0009765625,0.8170072554027479,0.8146925516462389,0.8416633000945842,gin,False,0.8206599978196175,0.8166013035376655,0.8338976229778451,0.8458031569008954
mixed-disjoint,1000,gin,10,10,0.6398810599592419,0.0009765625,0.6359101358256039,0.62261071761243,0.6370674371637798,gin,False,0.6382486913049994,0.6247711634034716,0.6408281608126156,0.6426211803971627
mixed-disjoint,10000,gin,10,10,0.4384816389594727,0.0009765625,0.43211106137300626,0.4304458502866041,0.4343127801024006,gin,False,0.4345841885109919,0.431614412597759,0.4369653058236657,0.43980832475695364
mixed-disjoint,100000,gin,10,10,0.369317799782474,0.0009765625,0.361266603734003,0.35540266343029775,0.3644642665630795,gin,False,0.36210888742961916,0.3577848768102554,0.3658374203113403,0.3705475550366868
mixed-overlap,10,matchit,10,10,0.6132058358956006,0.0009765625,0.5790794802038761,0.5704436919870091,0.5991336081220289,matchit,False,0.5789953963652492,0.5699637061312395,0.5919882029485566,0.6130195118735613
mixed-overlap,100,matchit,10,10,0.5677939212650468,0.0009765625,0.5046941917869491,0.48530084032372556,0.5245994485074944,matchit,False,0.5050301290931218,0.49508187588175,0.5155455342734522,0.5677452320429881
mixed-overlap,1000,matchit,10,10,0.4698946535982313,0.0009765625,0.4533648736382184,0.452469669549909,0.4591995179790873,matchit,False,0.4535633198743019,0.4517446627161186,0.45952955628101944,0.46963754517701173
mixed-overlap,10000,matchit,10,10,0.3735004651369254,0.0009765625,0.368746355782557,0.36583834198360865,0.37046869654979675,matchit,False,0.3691980998735241,0.36535885823623593,0.3713795823446525,0.3724430868580523
mixed-overlap,100000,matchit,10,10,0.30733784695445765,0.0009765625,0.29694285236503903,0.29607613625505824,0.2974880347177031,matchit,False,0.29708117752999036,0.29374254575906616,0.3021651713780882,0.3075071156214363
