shape,m,status,fastest,v2_ns,fastest_ns,ratio,ci_low,ci_high,passes,superior,framework_ratio,failures
static,10,tested,matchit,19.07447735,36.67450355,0.5323966645326637,0.5010173091798931,0.5902201668785211,True,True,0.6033655657711487,
static,100,tested,matchit,20.342622,56.55825805,0.36377568143890254,0.35583271005935446,0.3656237104599819,True,True,0.40958891392840086,
static,1000,tested,matchit,21.97752275,80.48903265,0.2725325083097345,0.2699202585454835,0.2764381131297624,True,True,0.31055778931425154,
static,10000,tested,matchit,27.9844839,140.72540149999998,0.19862544307822827,0.19785429341665015,0.20076798599887544,True,True,0.22166428149928002,
static,100000,tested,drogon,31.5581848,223.803853,0.1413185303632889,0.14012934732143456,0.14306208954747726,True,True,0.16129448567649168,
param-last,10,tested,gin,46.004170099999996,53.4424157,0.8484148261449513,0.821088300202995,0.8625870356019449,True,True,0.8857887000585551,
param-last,100,tested,gin,52.9673989,75.01811605,0.7089930897192745,0.6949128928825902,0.7125655592642379,True,True,0.7336193586620103,
param-last,1000,tested,gin,50.220573599999994,102.824986,0.4878845319134628,0.48125888723329596,0.49538460559997644,True,True,0.5122310997242009,
param-last,10000,tested,gin,65.8480337,187.83932049999999,0.35026097831183955,0.34879012328403475,0.3529201562734485,True,True,0.35774769377942595,
param-last,100000,tested,gin,69.40973364999999,254.9185915,0.2731180675202057,0.2676313464652906,0.27546254233763434,True,True,0.27602222507043644,
param-first,10,tested,gin,43.96450865,58.63834265,0.7388421915696076,0.7234013246451368,0.7527486875823273,True,True,0.7640288964989537,
param-first,100,tested,gin,51.5863959,81.05512685,0.6378157693175128,0.6293025916134523,0.6418736950861532,True,True,0.6559947306741557,
param-first,1000,tested,gin,48.75717605,108.1084495,0.45676148764569835,0.449251960990764,0.4597290798411288,True,True,0.4803503211773359,
param-first,10000,tested,gin,64.70461425,186.5915835,0.34569410823650815,0.3437265588196539,0.34755104508810203,True,True,0.34971601334784697,
param-first,100000,tested,gin,71.18651464999999,253.7704835,0.2808332622499683,0.27901060184788423,0.2861508205166625,True,True,0.28446349884297273,
rest,10,tested,gin,57.1036579,76.64736685,0.7434568646083557,0.732593647630198,0.7537714892887489,True,True,0.7548371364804829,
rest,100,tested,gin,64.1312639,101.2235335,0.6330268632407446,0.6279329973362353,0.6395656639518954,True,True,0.6422092602939988,
rest,1000,tested,gin,62.6023055,130.8551375,0.4797130146537597,0.4733491811728652,0.48469662056282364,True,True,0.4874201581971071,
rest,10000,tested,gin,79.5989102,210.428947,0.3779165596623149,0.37677214779075385,0.37991890889725455,True,True,0.380554643444365,
rest,100000,tested,gin,82.06928185000001,275.766211,0.29754098279580377,0.2957963876370371,0.3001343692449296,True,True,0.3009925654415442,
wild,10,tested,gin,46.23753945,50.6361202,0.9105266650712058,0.9005376144755871,0.9234039979408839,True,True,0.9588294191236097,
wild,100,tested,gin,54.22478675,74.54555375,0.7269603266395164,0.717673981634111,0.741482162388197,True,True,0.755000449009176,
wild,1000,tested,gin,52.23641005,111.611666,0.46702072399968897,0.46149639550321314,0.472334524254405,True,True,0.4816082086290543,
wild,10000,tested,gin,65.52328395,205.5874635,0.31769128581362244,0.31638928258770416,0.32086964211252283,True,True,0.3261928214361656,
wild,100000,tested,gin,68.99851865,271.92578149999997,0.2534076581214067,0.25261259161410293,0.25599660692325116,True,True,0.255478016185518,
mixed-disjoint,10,tested,gin,47.804744150000005,54.3432101,0.8923337688875796,0.839563881786713,0.9190960211110717,True,True,0.9298255776131534,
mixed-disjoint,100,tested,gin,61.09355845,74.5263929,0.8170072554027479,0.813495889433008,0.8314792787234049,True,True,0.8436270733184567,
mixed-disjoint,1000,tested,gin,65.63519930000001,103.00224399999999,0.6359101358256039,0.62261071761243,0.637527124763583,True,True,0.6532661104919899,
mixed-disjoint,10000,tested,gin,80.9770254,187.232997,0.43211106137300626,0.4292069786925315,0.4346737806356246,True,True,0.4401332443755577,
mixed-disjoint,100000,tested,gin,90.16746624999999,249.9604695,0.361266603734003,0.3561277643409468,0.3652222137168526,True,True,0.3665274255932045,
mixed-overlap,10,tested,matchit,50.88138095,86.77713265,0.5790794802038761,0.5704436919870091,0.5914675761912597,True,True,0.6024255801217745,
mixed-overlap,100,tested,matchit,60.481858599999995,121.401378,0.5046941917869491,0.4951713917538607,0.5156094926211933,True,True,0.5189171755070432,
mixed-overlap,1000,tested,matchit,74.4541477,163.947159,0.4533648736382184,0.4514377338224844,0.4604385051579563,True,True,0.4633093418619473,
mixed-overlap,10000,tested,matchit,88.5206716,241.160726,0.368746355782557,0.36516832253498516,0.37083477742738646,True,True,0.37578253540690304,
mixed-overlap,100000,tested,matchit,102.587822,344.424713,0.29694285236503903,0.29390890546296167,0.3020257249630513,True,True,0.2992676579603929,
