shape,m,status,processes,current_ns,v2_router_ns,ratio
static,10,ok,3,221.249715,23.6880697,9.959015909177268
static,100,ok,3,284.49082,22.7985297,12.287897353104094
static,1000,ok,3,376.430257,24.9471973,15.089080046679232
static,10000,ok,3,544.651123,31.3459473,17.375487739686207
param-last,10,ok,3,675.81543,45.9331391,14.713025132654172
param-last,100,ok,3,756.851929,54.7426101,13.942246603514539
param-last,1000,ok,3,888.224121,52.2609863,16.999082316716834
param-last,10000,ok,3,1093.92529,67.1639854,16.28737906908067
param-first,10,ok,3,2702.1062,43.4068814,62.21545711898915
param-first,100,ok,3,63790.8136,53.033457,1208.3807462005695
param-first,1000,ok,3,4425369.36,50.9197795,86807.25359638328
param-first,10000,ok,3,501136315,65.8961426,7604941.58272627
rest,10,ok,3,1196.34839,56.2171094,21.23333876851085
rest,100,ok,3,1941.4873,64.9010787,30.475988896740542
rest,1000,ok,3,12482.7856,63.4795654,196.64258129908367
rest,10000,ok,3,471535.871,80.3517761,5834.79006632686
wild,10,ok,3,1095.00415,47.0600113,23.390632505011745
wild,100,ok,3,1171.62256,56.1060893,21.024646310684243
wild,1000,ok,3,1325.85229,53.3999204,24.674852097520954
wild,10000,ok,3,1531.19897,66.9461734,22.93093531298603
mixed-disjoint,10,ok,3,815.908813,49.9175684,16.345123353404368
mixed-disjoint,100,ok,3,981.518799,63.732433,15.349112202569364
mixed-disjoint,1000,ok,3,1143.71997,66.4623638,17.208535848073463
mixed-disjoint,10000,ok,3,1412.19995,82.2709961,17.063300148860115
mixed-overlap,10,incomparable,,,,
mixed-overlap,100,incomparable,,,,
mixed-overlap,1000,incomparable,,,,
mixed-overlap,10000,incomparable,,,,
